Professor Wu Rudolf S. S.
http://www.biosch.hku.hk/staff/rw/rw.html
Professor Chow Billy K.C.
http://www.biosch.hku.hk/staff/bc/bc.html
Professor Dudgeon David
http://www.biosch.hku.hk/http://www.biosch.hku.hk/ecology/dd.htm
Wilson and Amelia Wong Professor in Plant Biotechnology
http://www.biosch.hku.hk/staff/mlc/mlc.html
Professor Corke Harold
Professor Lee Will W.M.
http://www.biosch.hku.hk/staff/wl/wl.html
Professor Leung Frederick C.C.
http://www.biosch.hku.hk/http://evolution.hku.hk/
Professor Leung Kenneth M. Y.
Professor Sadovy Yvonne
http://www.biosch.hku.hk/../../ecology/ys.htm
Professor Saunders Richard M.K.
Professor Shah Nagendra P.
Professor Williams Gray A.
http://www.biosch.hku.hk/../../ecology/gaw.htm
Professor Wong Anderson O.L.
http://www.biosch.hku.hk/staff/aolw/aolw.html
Professor Wong Alice S.T.
http://www.biosch.hku.hk/staff/astw/astw.html
Professor Zong Y.Q.
http://www.earthsciences.hku.hk/people/academic-staff/prof-zong-y-q
Dr. Dvornyk Volodymyr
N/A
Dr. El-Nezami Hani S.
N/A
Dr. Gu Ji-Dong
http://www.biosch.hku.hk/../../ecology/jdg.htm
Dr. Leszek Karczmarski
N/A
Dr. Li Edmund T.S.
http://www.biosch.hku.hk/staff/el/el.html
Dr. Lim Wallace B.L.
http://www.biosch.hku.hk/staff/bll/bll.html
Dr. Lo Clive S.C.
http://www.biosch.hku.hk/http://web.hku.hk/~clivelo/
Dr. Lui W.Y.
http://www.biosch.hku.hk/staff/wyl/wyl.html
Dr. Panagiotou Gianni
N/A
Dr. Sun Mei
http://www.biosch.hku.hk/staff/ms/ms.html
Dr. Thiyaga
http://www.biosch.hku.hk/staff/rajan/rajan.htm
Dr. Tsang Jimmy S.H.
http://www.biosch.hku.hk/http://web.hku.hk/~jshtsang/
Dr. Wan Jennifer M.F.
http://www.biosch.hku.hk/staff/jw/jw.html
Dr. Wang M.F.
http://www.biosch.hku.hk/staff/wmf/wmf.html
Dr. Yan Aixin
http://www.biosch.hku.hk/staff/ay/index.html
Dr. Yip W.K.
http://www.biosch.hku.hk/staff/wky/wky.html
Dr. Zhang Jiangwen
http://www.biosch.hku.hk/staff/jz/jz.html
Dr. Baker David M.
http://www.thelifeisotopic.com/
Dr. Bonebrake Timothy C.
http://web.hku.hk/~tbone/
Dr. Gunard Benoit
https://benoitguenard.wordpress.com/
Dr. Lee Jetty C.Y.
http://www.biosch.hku.hk/staff/jl/jl.html
Dr. Yasuhara Moriaki
http://www.biosch.hku.hk/http://sites.google.com/site/moriakiyasuhara/
Dr. Yuen Karen W.Y.
http://www.biosch.hku.hk/staff/wyy/wyy.html
Dr. Gibson Luke
http://www.biosch.hku.hk/http://www.dbs.nus.edu.sg/lab/evol-ecol/luke.html
Dr. Lai Ball K.P.
http://www.biosch.hku.hk/staff/ball/ball.html
Dr. Lee Leo T.O.
http://www.biosch.hku.hk/staff/ll/leolee.html
Dr. Li Yiliang
http://www.biosch.hku.hk/staff/yl/yl.html